Date,Open,High,Low,Close,Volume,Symbol,Name
2024-01-19,80834.74264481798,81734.11528726219,79935.37000237376,80834.74264481798,1475271,035720.KS,카카오
2024-01-22,80601.40617692485,81647.71878508052,79655.53887911471,80651.62883209762,3603564,035720.KS,카카오
2024-01-23,81048.98850631823,83773.64922180747,79699.74549416793,81736.6973579877,2563107,035720.KS,카카오
2024-01-24,82943.11736875112,85591.51126219836,82943.11736875112,84267.31431547474,4877698,035720.KS,카카오
2024-01-25,84326.00874521397,85129.226720557,82700.41018367434,83914.81845211567,5044590,035720.KS,카카오
2024-01-26,84522.79736711788,84522.79736711788,82604.85194615273,83563.8246566353,3349319,035720.KS,카카오
2024-01-29,85465.53783693793,88779.30506021033,83710.51059013973,86244.90782517503,3886487,035720.KS,카카오
2024-01-30,86595.2576552576,89284.35780726254,85939.19625001794,87611.77702864024,3633849,035720.KS,카카오
2024-01-31,87514.58758854296,88716.037491033,84949.8689344285,86832.95321273075,3561857,035720.KS,카카오
2024-02-01,87680.7112597397,89183.98222895346,86453.24078491266,87818.61150693307,1760753,035720.KS,카카오
2024-02-02,88725.42684415664,88726.35853199265,85370.81516015893,87048.58684607579,1385265,035720.KS,카카오
2024-02-05,85472.89310760862,88825.54248564281,83737.03511733636,86281.28880148959,5085146,035720.KS,카카오
2024-02-06,84663.34773063844,88820.58382642432,84663.34773063844,86741.96577853139,4573596,035720.KS,카카오
2024-02-07,85443.80085211714,85443.80085211714,81488.4050904503,83466.10297128372,1854667,035720.KS,카카오
2024-02-08,82903.608454453,82903.608454453,78353.17681406427,80628.39263425863,3002653,035720.KS,카카오
2024-02-09,81818.99874863768,82047.52525070922,77476.43482320278,79761.980036956,4800964,035720.KS,카카오
2024-02-12,79038.72371903538,79038.72371903538,77333.58171087668,78186.15271495603,4484458,035720.KS,카카오
2024-02-13,77965.49482514053,81058.10923037899,76375.17394971046,78716.64159004473,1647960,035720.KS,카카오
2024-02-14,78985.00409518527,79018.5730672018,75634.36252616032,77326.46779668106,4643664,035720.KS,카카오
2024-02-15,77193.29868406086,77193.29868406086,73168.62510988046,75180.96189697066,3106811,035720.KS,카카오
2024-02-16,76005.78091377193,78838.87921209168,76005.78091377193,77422.33006293181,4872668,035720.KS,카카오
2024-02-19,77379.37231538331,79136.23239607335,75086.64496958695,77111.43868283015,5050797,035720.KS,카카오
2024-02-20,78280.62801193296,79566.56612766968,74941.71055727964,77254.13834247466,4967065,035720.KS,카카오
2024-02-21,77118.35009502704,77118.35009502704,73064.4729890278,75091.41154202742,2174540,035720.KS,카카오
2024-02-22,74063.71790604238,75724.1129828974,72898.66282455185,74311.38790372462,3723788,035720.KS,카카오
2024-02-23,74709.31929982797,76179.71056233872,72847.0890966629,74513.3998295008,2451789,035720.KS,카카오
2024-02-26,73729.14149258545,73729.14149258545,71941.59378081944,72835.36763670245,4394532,035720.KS,카카오
2024-02-27,74326.59816789754,74917.05644291527,71921.07832958981,73419.06738625254,4570218,035720.KS,카카오
2024-02-28,74100.6280177455,74100.6280177455,71046.99252414826,72573.81027094688,2782979,035720.KS,카카오
2024-02-29,72694.34675711591,73102.06011572556,71271.36116225042,72186.71063898799,1138492,035720.KS,카카오
2024-03-01,73145.28334653776,73145.28334653776,69562.91579781444,71354.0995721761,1996506,035720.KS,카카오
2024-03-04,73090.87802545502,74975.38089898217,73090.87802545502,74033.1294622186,1148706,035720.KS,카카오
2024-03-05,72790.4382744841,75309.88410795914,72790.4382744841,74050.16119122162,2897137,035720.KS,카카오
2024-03-06,74557.32476928641,74557.32476928641,70484.101183032,72520.71297615921,2641402,035720.KS,카카오
2024-03-07,72254.36962052832,75245.63878399166,72254.36962052832,73750.00420226,3717790,035720.KS,카카오
2024-03-08,73947.56066750428,73947.56066750428,70024.70876859137,71986.13471804782,5327368,035720.KS,카카오
2024-03-11,71975.53961255873,73258.79719489536,71386.86969142666,72322.83344316101,2062405,035720.KS,카카오
2024-03-12,70858.08402480825,70858.08402480825,68190.7498560411,69524.41694042468,5603371,035720.KS,카카오
2024-03-13,69056.60205050587,69056.60205050587,66368.10182176111,67712.35193613349,2177480,035720.KS,카카오
2024-03-14,67229.48523159353,68796.12848403967,67229.48523159353,68012.8068578166,1602470,035720.KS,카카오
2024-03-15,68183.96911295892,69918.66480457928,68183.96911295892,69051.31695876911,2572623,035720.KS,카카오
2024-03-18,69388.0617775596,71259.08420611674,67385.92924842538,69322.50672727106,2904054,035720.KS,카카오
2024-03-19,69012.85454825191,70812.65323028948,67581.00157762569,69196.82740395758,1172779,035720.KS,카카오
2024-03-20,68867.67792229367,69735.36895517177,67894.06586197192,68814.71740857184,2119239,035720.KS,카카오
2024-03-21,67718.92217266081,67718.92217266081,65909.56444391172,66814.24330828626,2567234,035720.KS,카카오
2024-03-22,66686.2721013016,67207.95116636819,64563.515850162825,65885.7335082655,3897047,035720.KS,카카오
2024-03-25,66016.15361056195,66016.15361056195,64607.218207196056,65311.685908879,1381926,035720.KS,카카오
2024-03-26,66098.45338382792,68558.23635373084,64892.144542180235,66725.19044795554,4816714,035720.KS,카카오
2024-03-27,67293.25820239702,67971.39377156892,66462.83214730435,67217.11295943664,4006593,035720.KS,카카오
2024-03-28,65768.8347116467,65768.8347116467,63992.34954918441,64880.592130415556,1995792,035720.KS,카카오
2024-03-29,66420.94935154924,66470.98858300298,64196.14666333094,65333.56762316696,2597241,035720.KS,카카오
2024-04-01,65130.560375621695,66111.71733334796,63614.399512286596,64863.05842281728,4039045,035720.KS,카카오
2024-04-02,64704.486005570485,64704.486005570485,63330.20464834547,64017.34532695798,4874511,035720.KS,카카오
2024-04-03,63520.72004887998,66144.30363880446,63520.72004887998,64832.511843842214,3342801,035720.KS,카카오
2024-04-04,65820.42149703109,67005.69115878524,65397.85659087162,66201.77387482843,2004121,035720.KS,카카오
2024-04-05,66429.93782242277,68505.9075355031,66429.93782242277,67467.92267896293,2846315,035720.KS,카카오
2024-04-08,66751.9108263458,67059.58610217614,65678.91665972405,66369.2513809501,2349715,035720.KS,카카오
2024-04-09,65934.94868989842,66809.97888307335,65174.005374089,65991.99212858117,4573949,035720.KS,카카오
2024-04-10,66688.42607675257,67915.85406836765,65008.5515312301,66462.20279979888,3024235,035720.KS,카카오
2024-04-11,66996.39944668184,68587.94347888217,66996.39944668184,67792.171462782,3274870,035720.KS,카카오
2024-04-12,67493.5438569291,68636.5833956777,65716.18121764687,67176.38230666229,1531612,035720.KS,카카오
2024-04-15,68010.17357064295,68010.17357064295,65910.891489187,66960.53252991497,2590178,035720.KS,카카오
2024-04-16,65679.05687072915,67013.83292567408,64010.961506049265,65512.39721586167,4983712,035720.KS,카카오
2024-04-17,65392.7275272402,65392.7275272402,62562.92476133828,63977.82614428924,2139105,035720.KS,카카오
2024-04-18,64266.574941519444,65832.4006053186,64266.574941519444,65049.48777341902,1748335,035720.KS,카카오
2024-04-19,65928.57530346903,67764.358497396,65928.57530346903,66846.46690043251,2359329,035720.KS,카카오
2024-04-22,65884.21119469822,67683.0241847186,65884.21119469822,66783.61768970841,5294876,035720.KS,카카오
2024-04-23,67323.10103306567,68991.7002597155,67323.10103306567,68157.40064639058,2697392,035720.KS,카카오
2024-04-24,68319.15477814287,70703.03793335712,66665.84761796403,68684.44277566057,2064199,035720.KS,카카오
2024-04-25,68742.75204853492,68742.75204853492,66922.43031081694,67832.59117967593,3840996,035720.KS,카카오
2024-04-26,69218.62841393267,70310.94672564577,66402.64423938915,68356.79548251745,2199100,035720.KS,카카오
2024-04-29,69463.91045121972,72283.50344461069,68703.85435664865,70493.67890062966,1825922,035720.KS,카카오
2024-04-30,70690.89014848921,71639.44770426622,69317.38340400181,70478.41555413402,1987399,035720.KS,카카오
2024-05-01,71824.91893594235,73613.33481862379,71824.91893594235,72719.12687728307,4071120,035720.KS,카카오
2024-05-02,70032.82349166198,70032.82349166198,67857.92632536369,68945.37490851284,3284019,035720.KS,카카오
2024-05-03,69129.971093172,71561.13759628763,68665.21264774237,70113.175122015,1258806,035720.KS,카카오
2024-05-06,69691.1157680007,71446.06321881537,69094.5260539063,70270.29463636084,3818907,035720.KS,카카오
2024-05-07,70804.52532053726,71646.62868996129,68123.77749276978,69885.20309136553,3514311,035720.KS,카카오
2024-05-08,68687.2529512693,71409.54725471334,68687.2529512693,70048.40010299132,5006847,035720.KS,카카오
2024-05-09,69089.88840355903,69089.88840355903,65507.91930003732,67298.90385179818,5286245,035720.KS,카카오
2024-05-10,67413.1297997084,67873.89851664168,66199.86100046571,67036.8797585537,1753814,035720.KS,카카오
2024-05-13,67096.80665264282,68314.51975648433,66783.86514104965,67549.19244876699,4044671,035720.KS,카카오
2024-05-14,68084.35031354266,71074.80574632536,68084.35031354266,69579.57802993401,4573595,035720.KS,카카오
2024-05-15,69658.71050844592,69859.89364408593,67926.40107009355,68893.14735708974,1709177,035720.KS,카카오
2024-05-16,68714.52566197008,68714.52566197008,66912.67544271112,67813.60055234059,3286987,035720.KS,카카오
2024-05-17,68320.68945994377,68320.68945994377,66013.28717617116,67166.98831805745,4775010,035720.KS,카카오
2024-05-20,67208.86272376978,69651.67303450401,67208.86272376978,68430.2678791369,2668496,035720.KS,카카오
2024-05-21,69320.58154439788,70241.26380025172,67587.56328588423,68914.41354306797,2244279,035720.KS,카카오
2024-05-22,67825.3921883582,69920.91448654712,66516.50246268942,68218.70847461827,4678294,035720.KS,카카오
2024-05-23,68229.65990948318,70172.04756984135,67734.16574343285,68953.1066566371,3275181,035720.KS,카카오
2024-05-24,68342.99857649146,71065.80727442878,67177.11109006849,69121.45918224863,4921961,035720.KS,카카오
2024-05-27,69319.7971690028,72085.06092279399,68905.14510789388,70495.10301534394,2458626,035720.KS,카카오
2024-05-28,70429.6307675048,70429.6307675048,68651.41815919342,69540.52446334911,3308152,035720.KS,카카오
2024-05-29,70407.9222393305,71046.48413912283,67192.67341119092,69119.57877515687,4382443,035720.KS,카카오
2024-05-30,68365.21430210728,69506.34708724046,67717.83602669646,68612.09155696846,4018856,035720.KS,카카오
2024-05-31,67349.17293769479,67349.17293769479,65927.0294031498,66638.10117042229,3483907,035720.KS,카카오
2024-06-03,66406.51595397641,68759.44113646972,65372.715024811005,67066.07808064036,4412708,035720.KS,카카오
2024-06-04,67622.14887824112,68273.50959153452,66626.03077852199,67449.77018502826,4419349,035720.KS,카카오
2024-06-05,68317.83184048366,68337.3822293554,66643.40396990157,67490.39309962848,1657793,035720.KS,카카오
2024-06-06,67190.3054636999,68187.71386705955,66227.2676113929,67207.49073922622,3891994,035720.KS,카카오
2024-06-07,66932.93433836753,66932.93433836753,63744.31398926715,65338.624163817345,3561839,035720.KS,카카오
2024-06-10,65796.26218677744,65796.26218677744,63846.949299003725,64821.605742890584,2510161,035720.KS,카카오
2024-06-11,64932.187644955986,65287.74067182787,63531.68020878965,64409.71044030876,2666250,035720.KS,카카오
2024-06-12,64628.411846692594,64628.411846692594,62188.44088022897,63408.426363460785,5129685,035720.KS,카카오
2024-06-13,63522.89812935032,64061.894382957325,62409.29184346161,63235.59311320947,3492571,035720.KS,카카오
2024-06-14,64439.10171488321,64439.10171488321,63117.33592779165,63778.21882133743,4722725,035720.KS,카카오
2024-06-17,64914.85103372163,68112.64406097538,64319.47488632589,66216.05947365063,4972028,035720.KS,카카오
2024-06-18,66606.91606646645,68085.51789150294,64875.211308762104,66480.36460013253,1619333,035720.KS,카카오
2024-06-19,65588.56696831646,68295.1733350084,65416.917984983025,66856.04565999571,4174529,035720.KS,카카오
2024-06-20,68117.50432416312,68705.95595627988,64873.905027625005,66789.93049195244,4977208,035720.KS,카카오
2024-06-21,65482.25673642068,65482.25673642068,63038.21033398488,64260.23353520278,3076501,035720.KS,카카오
2024-06-24,64596.92674270017,64971.24855741963,63545.32723338953,64258.28789540458,2377602,035720.KS,카카오
2024-06-25,64805.92689790412,66045.05964214882,62690.58604337138,64367.8228427601,4774324,035720.KS,카카오
2024-06-26,66427.30717876459,68714.84760620953,66427.30717876459,67571.07739248706,2922964,035720.KS,카카오
2024-06-27,66555.64287939666,69011.69018840523,65678.11416842064,67344.90217841293,2909717,035720.KS,카카오
2024-06-28,67169.31033667181,68653.53453318702,66915.92177668198,67784.72815493449,1752427,035720.KS,카카오
2024-07-01,68330.01501889511,69124.78082895953,66418.34309413451,67771.56196154702,2509635,035720.KS,카카오
2024-07-02,67652.54616561045,67652.54616561045,64790.22387785989,66221.38502173517,3754934,035720.KS,카카오
2024-07-03,67072.65336328172,68463.51044967525,67072.65336328172,67768.08190647847,5336551,035720.KS,카카오
2024-07-04,68118.21878674878,69713.9408759933,67928.2733927623,68821.1071343778,2740792,035720.KS,카카오
2024-07-05,69125.47398413497,70763.1491667216,69125.47398413497,69944.31157542829,3547034,035720.KS,카카오
2024-07-08,69486.39836043704,69486.39836043704,67927.90992275701,68707.15414159703,4230711,035720.KS,카카오
2024-07-09,69665.77935177533,71672.516283578,69665.77935177533,70669.14781767667,1920015,035720.KS,카카오
2024-07-10,69460.59744350355,69460.59744350355,67985.66254067408,68723.12999208881,3139914,035720.KS,카카오
2024-07-11,69677.40718988846,71045.59908528662,68082.61028264371,69564.10468396517,2776529,035720.KS,카카오
2024-07-12,71337.68404089147,73955.17281009986,71337.68404089147,72646.42842549567,3946248,035720.KS,카카오
2024-07-15,72177.20624215344,72177.20624215344,70309.93998740501,71243.57311477922,5102317,035720.KS,카카오
2024-07-16,71062.02933813435,71703.17563505542,69241.41121947026,70472.29342726283,2134837,035720.KS,카카오
2024-07-17,70217.26056012874,72264.4079793881,69031.55757820017,70647.98277879413,1654507,035720.KS,카카오
2024-07-18,70598.81897268676,71673.59411605267,68270.23785065266,69971.91598335266,3732548,035720.KS,카카오
2024-07-19,68551.97468854603,68551.97468854603,67121.71354146196,67836.844115004,3949038,035720.KS,카카오
2024-07-22,67342.7781020679,68670.21435306656,67257.35455441555,67963.78445374106,1455619,035720.KS,카카오
2024-07-23,68284.08990780638,68284.08990780638,64823.51555916587,66553.80273348613,2102833,035720.KS,카카오
2024-07-24,66411.60853607416,68023.32582181423,66411.60853607416,67217.46717894419,2095327,035720.KS,카카오
2024-07-25,67375.19431349405,67628.80876364221,64401.28832989965,66015.04854677094,2745515,035720.KS,카카오
2024-07-26,66503.63400006037,69685.23794169001,66503.63400006037,68094.43597087519,1977715,035720.KS,카카오
2024-07-29,66957.40926169607,68125.5773274028,65997.98140375977,67061.77936558129,4592060,035720.KS,카카오
2024-07-30,68245.20982392979,68419.85391071394,64906.84586613702,66663.34988842548,2531882,035720.KS,카카오
2024-07-31,67540.48391955634,68810.81163434064,66751.82280846965,67781.31722140514,2094422,035720.KS,카카오
2024-08-01,66593.03817268915,67633.78870412188,64659.4428683611,66146.61578624148,2690692,035720.KS,카카오
2024-08-02,65081.78856876216,67879.41781554799,65081.78856876216,66480.60319215507,5124398,035720.KS,카카오
2024-08-05,66526.96795357887,69976.70458444145,66526.96795357887,68251.83626901016,1711510,035720.KS,카카오
2024-08-06,67900.575721241,67900.575721241,64282.80135183026,66091.68853653563,4715568,035720.KS,카카오
2024-08-07,66071.22770594855,67596.89565942567,65140.683641038755,66368.78965023221,1104602,035720.KS,카카오
2024-08-08,67773.07334808426,67773.07334808426,65720.79900223792,66746.93617516108,2126141,035720.KS,카카오
2024-08-09,67195.64731572162,68691.26893657615,66956.72160283326,67823.9952697047,4461463,035720.KS,카카오
2024-08-12,66950.11877980545,68144.76346232517,64215.25350581582,66180.0084840705,2161324,035720.KS,카카오
2024-08-13,65133.70653511386,65133.70653511386,63796.97724724062,64465.34189117724,5032893,035720.KS,카카오
2024-08-14,64365.33423779338,65975.70054544066,64365.33423779338,65170.517391617024,3483884,035720.KS,카카오
2024-08-15,65530.169791078515,67100.6333151183,64079.75777798686,65590.19554655258,4330835,035720.KS,카카오
2024-08-16,66653.10660213417,66883.3802405113,65019.796049628414,65951.58814506985,3775714,035720.KS,카카오
2024-08-19,66987.3542987577,67338.99428991794,65544.08597342049,66441.54013166922,4771499,035720.KS,카카오
2024-08-20,66696.41915074506,66776.01940901099,64366.226801287754,65571.12310514937,1247988,035720.KS,카카오
2024-08-21,65030.216748711886,66786.76601541883,65030.216748711886,65908.49138206536,4302400,035720.KS,카카오
2024-08-22,65554.65025854172,67100.87958020013,65554.65025854172,66327.76491937092,2718334,035720.KS,카카오
2024-08-23,66445.12337737594,66445.12337737594,64381.48090929837,65413.30214333716,2564302,035720.KS,카카오
2024-08-26,66231.79234966623,69542.08411230538,66231.79234966623,67886.9382309858,3182070,035720.KS,카카오
2024-08-27,66968.49883858771,70159.94721096473,66968.49883858771,68564.22302477622,5146142,035720.KS,카카오
2024-08-28,68615.67024033853,68615.67024033853,65314.108085342756,66964.88916284064,1311410,035720.KS,카카오
2024-08-29,66525.07156714817,69230.31323296107,66525.07156714817,67877.69240005461,3684791,035720.KS,카카오
2024-08-30,67638.64550553079,67699.46851969928,65477.428268823554,66588.44839426142,1361130,035720.KS,카카오
2024-09-02,66749.93898271596,69332.18708674268,66007.72785090329,67669.95746882298,3105267,035720.KS,카카오
2024-09-03,67625.37843096537,70918.2910063493,67625.37843096537,69271.83471865734,4787944,035720.KS,카카오
2024-09-04,68994.48320458684,69941.0770015407,66397.85747395725,68169.46723774898,3914342,035720.KS,카카오
2024-09-05,68443.46431619744,70590.55312574425,68443.46431619744,69517.00872097084,1522365,035720.KS,카카오
2024-09-06,70312.3772895534,72113.47450163319,68137.87176093725,70125.67313128522,1559600,035720.KS,카카오
2024-09-09,69245.25097194187,73382.12184672088,69245.25097194187,71313.68640933138,3457796,035720.KS,카카오
2024-09-10,72021.22770680464,76088.1507962036,72021.22770680464,74054.68925150413,4409686,035720.KS,카카오
2024-09-11,75007.23147610053,75654.88374306247,71801.6638221331,73728.27378259778,4621692,035720.KS,카카오
2024-09-12,73743.0277549584,73743.0277549584,71564.38143259598,72653.70459377719,3178923,035720.KS,카카오
2024-09-13,72427.35211197418,72427.35211197418,70367.65003609739,71397.50107403578,1221881,035720.KS,카카오
2024-09-16,71493.06495441364,71951.07636806967,68585.45065319476,70268.26351063221,2301920,035720.KS,카카오
2024-09-17,71061.64099821742,72194.75258085446,68195.33057455136,70195.04157770291,4538374,035720.KS,카카오
2024-09-18,70138.59369191284,71867.43950067738,69550.72577856891,70709.08263962316,4420969,035720.KS,카카오
2024-09-19,70371.71964961021,71899.73681609372,70371.71964961021,71135.72823285197,1572856,035720.KS,카카오
2024-09-20,71513.31191268578,73182.97159333875,71513.31191268578,72348.14175301227,3921117,035720.KS,카카오
2024-09-23,72159.29338581928,73619.32058644689,71186.93756999625,72403.12907822158,2284083,035720.KS,카카오
2024-09-24,72994.37928417898,76093.89861766298,72994.37928417898,74544.13895092098,4514858,035720.KS,카카오
2024-09-25,75191.00691630643,75401.65190286527,72972.0255078796,74186.83870537243,3602214,035720.KS,카카오
2024-09-26,77112.71975385597,79407.17454411874,77112.71975385597,78259.94714898735,1268585,035720.KS,카카오
2024-09-27,78818.25329124322,81450.75513041054,77105.98685747062,79278.37099394058,4268602,035720.KS,카카오
2024-09-30,79315.64547459183,80294.47586620085,75623.38230236109,77958.92908428097,2526151,035720.KS,카카오
2024-10-01,77561.44957700693,78262.63982181769,74393.75198329917,76328.19590255842,3677453,035720.KS,카카오
2024-10-02,74984.59561035005,79221.17435179981,74984.59561035005,77102.88498107494,5467787,035720.KS,카카오
2024-10-03,75806.15299019912,78744.83182299366,74848.85600675609,76796.84391487487,4105206,035720.KS,카카오
2024-10-04,76780.41586395743,79083.38818970452,76780.41586395743,77931.90202683098,1584407,035720.KS,카카오
2024-10-07,77363.15402180575,80053.79426163007,77363.15402180575,78708.47414171792,2051828,035720.KS,카카오
2024-10-08,77881.3173751385,79485.71359023638,77780.65306379626,78633.18332701632,1102528,035720.KS,카카오
2024-10-09,77112.67052355169,79642.01035272932,75039.54605770881,77340.77820521906,3751589,035720.KS,카카오
2024-10-10,76114.16102982881,76114.16102982881,73958.35763004568,75036.25932993725,5058166,035720.KS,카카오
2024-10-11,74911.90695000866,76317.85731279712,72489.50513688751,74403.68122484231,4608396,035720.KS,카카오
2024-10-14,73789.41571000298,77903.03295468494,73527.50209199183,75715.26752333839,3094290,035720.KS,카카오
2024-10-15,76598.94261723665,77771.4357386849,74383.22117999088,76077.32845933789,3113078,035720.KS,카카오
2024-10-16,75304.52262248211,75304.52262248211,73135.31249494874,74219.91755871543,1910731,035720.KS,카카오
2024-10-17,74632.11777428974,75587.82458365471,73440.3694129115,74514.09699828312,2411889,035720.KS,카카오
2024-10-18,74287.420424192,75963.75073370208,74287.420424192,75125.58557894704,5088907,035720.KS,카카오
2024-10-21,74845.06719203164,75878.58277491282,71791.70167004353,73835.14222247817,4196210,035720.KS,카카오
2024-10-22,72968.63499105014,75871.54631136078,72326.5858782442,74099.06609480249,1690669,035720.KS,카카오
2024-10-23,73576.51152518184,76175.66518210262,72269.09454061414,74222.37986135838,3230796,035720.KS,카카오
2024-10-24,73700.13630547238,74148.94742927908,70976.67564866567,72562.81153897237,3474061,035720.KS,카카오
2024-10-25,72299.74593194675,73983.30472436563,72253.36343711722,73118.33408074142,1569622,035720.KS,카카오
2024-10-28,73545.199190144,76029.61769048983,71920.31401892588,73974.96585470786,4907149,035720.KS,카카오
2024-10-29,74377.01913041693,77674.2541712544,73554.39965332762,75614.32691229101,3363302,035720.KS,카카오
2024-10-30,76433.69105844825,78152.6297909603,76338.93967507042,77245.78473301536,2717764,035720.KS,카카오
2024-10-31,76467.78058977018,76467.78058977018,73844.26860377425,75156.02459677221,3301960,035720.KS,카카오
2024-11-01,74441.5284526661,74641.3761397845,72926.50100766351,73783.93857372401,1930573,035720.KS,카카오
2024-11-04,72815.88809683148,76345.82620995128,72815.88809683148,74580.85715339138,3847312,035720.KS,카카오
2024-11-05,73931.83720025272,77381.72827673405,73387.31075169823,75384.51951421614,2532192,035720.KS,카카오
2024-11-06,74403.4771912103,77994.01125109979,74403.4771912103,76198.74422115505,4888974,035720.KS,카카오
2024-11-07,79977.72047158887,84238.89877130993,79977.72047158887,82108.3096214494,4425178,035720.KS,카카오
2024-11-08,82441.35537070417,85331.17279694282,80842.54894805512,83086.86087249896,4450187,035720.KS,카카오
2024-11-11,83680.93775528453,87051.48667908201,82979.34530107945,85015.41599008073,3898560,035720.KS,카카오
2024-11-12,84740.7956822797,88619.24598501764,84740.7956822797,86680.02083364867,4879602,035720.KS,카카오
2024-11-13,87096.57216847093,90263.0137592287,85442.21221826399,87852.61298874635,1146077,035720.KS,카카오
2024-11-14,87527.27423292567,89658.60025982725,85026.5892531885,87342.59475650787,3999188,035720.KS,카카오
2024-11-15,87539.72527402727,89884.4204760732,87539.72527402727,88712.07287505023,4582221,035720.KS,카카오
2024-11-18,88511.83761952959,89713.42794997044,85057.07280293573,87385.25037645308,2230178,035720.KS,카카오
2024-11-19,87388.23436532008,88958.84305768354,85071.26481584791,87015.05393676573,4987836,035720.KS,카카오
2024-11-20,87670.54205281161,88165.44353230801,84262.32198342864,86213.88275786833,3317450,035720.KS,카카오
2024-11-21,85049.78117505596,88609.68928110348,84186.63761554923,86398.16344832635,1495837,035720.KS,카카오
2024-11-22,88160.03483336364,92721.98019355844,88160.03483336364,90441.00751346104,2660048,035720.KS,카카오
2024-11-25,89081.90509712744,89081.90509712744,85135.4571247955,87108.68111096148,5257286,035720.KS,카카오
2024-11-26,87283.21143500057,89412.42827133261,87283.21143500057,88347.8198531666,1318825,035720.KS,카카오
2024-11-27,86912.72197654477,86912.72197654477,84172.06829915335,85542.39513784906,4243096,035720.KS,카카오
2024-11-28,83994.11294293948,85739.73698568429,83815.78839949162,84777.76269258794,3581167,035720.KS,카카오
2024-11-29,85720.5761404013,87612.47881921323,85720.5761404013,86666.52747980726,4654487,035720.KS,카카오
2024-12-02,86984.68226673214,89379.88321009245,84262.67531865546,86821.27926437395,1104537,035720.KS,카카오
2024-12-03,85880.8060183026,85880.8060183026,84105.72657609684,84993.26629719972,2403750,035720.KS,카카오
2024-12-04,85477.20129667176,85477.20129667176,82162.48461824458,83819.84295745817,2958759,035720.KS,카카오
2024-12-05,84725.15509736039,86316.20965553405,83685.84716593761,85001.02841073583,5037227,035720.KS,카카오
2024-12-06,83955.62679112241,85354.2055125306,82249.57574483813,83801.89062868437,4202196,035720.KS,카카오
2024-12-09,83652.94087886842,86216.902415761,82196.26629422794,84206.58435499447,1920467,035720.KS,카카오
2024-12-10,85151.25860728839,85307.62734588791,83343.24590769893,84325.43662679342,2153934,035720.KS,카카오
2024-12-11,85430.55842915062,85684.89924273522,80852.44009475721,83268.66966874621,1726020,035720.KS,카카오
2024-12-12,85260.73211160033,88500.8107820525,85260.73211160033,86880.77144682642,4029385,035720.KS,카카오
2024-12-13,87430.9591381498,89605.94715694785,86445.49145590412,88025.71930642598,2139653,035720.KS,카카오
2024-12-16,87012.49349598098,87012.49349598098,81996.38552063293,84504.43950830695,2199416,035720.KS,카카오
2024-12-17,84329.88108041589,86072.12328003962,83651.50887062243,84861.81607533104,1145816,035720.KS,카카오
2024-12-18,85668.42997530993,85710.7958215579,81851.28209500675,83781.03895828233,3084039,035720.KS,카카오
2024-12-19,83493.69024595461,87754.5919984839,82747.9769743151,85251.2844863995,1852119,035720.KS,카카오
2024-12-20,85854.62107582467,86240.35879992053,81644.92502002492,83942.64190997274,4671702,035720.KS,카카오
2024-12-23,84549.16114222666,85905.26176354397,81678.71349750826,83791.98763052611,3599044,035720.KS,카카오
2024-12-24,84838.71862101958,85749.23974328118,83611.08301875772,84680.16138101945,2942495,035720.KS,카카오
2024-12-25,85124.64686337327,87252.84764239793,85124.64686337327,86188.7472528856,1558542,035720.KS,카카오
2024-12-26,85018.07032413298,86158.41065437018,82167.19085240283,84162.8007533865,3055902,035720.KS,카카오
2024-12-27,83896.76393418857,84585.66030704019,82698.00156593247,83641.83093648632,3358222,035720.KS,카카오
2024-12-30,83111.03566575183,84163.97007414752,81614.32181295357,82889.14594355054,2843474,035720.KS,카카오
2024-12-31,82685.00984480786,82685.00984480786,81010.01510391713,81847.5124743625,1376082,035720.KS,카카오
2025-01-01,83871.01171564723,86291.6804504018,83265.11352897048,84778.39698968614,2236972,035720.KS,카카오
2025-01-02,84358.00959275753,87551.0575146873,83463.86287229107,85507.46019348918,4622006,035720.KS,카카오
2025-01-03,85486.78707442101,85528.54990488115,81259.2785609342,83393.91423290767,1523992,035720.KS,카카오
2025-01-06,83705.5139439458,86227.47245571586,83705.5139439458,84966.49319983083,5313321,035720.KS,카카오
2025-01-07,87476.52217236721,89753.91752379238,87476.52217236721,88615.2198480798,4021066,035720.KS,카카오
2025-01-08,88595.19007067582,92407.10901858324,88571.63133939424,90489.37017898874,1105730,035720.KS,카카오
2025-01-09,89235.89434457482,89235.89434457482,86333.86213205966,87784.87823831724,2556106,035720.KS,카카오
2025-01-10,87817.93822814798,87906.1473156351,86051.05687422138,86978.60209492824,1351999,035720.KS,카카오
2025-01-13,87625.39754126867,90826.55168007199,87625.39754126867,89225.97461067032,4026594,035720.KS,카카오
2025-01-14,88277.83015848837,90296.97150246595,85718.50378260345,88007.7376425347,1817128,035720.KS,카카오
2025-01-15,88250.20825542363,90018.8210892043,87647.04368522576,88832.93238721503,3901691,035720.KS,카카오
2025-01-16,89294.05778044964,91213.16050609252,89294.05778044964,90253.60914327108,5088914,035720.KS,카카오
2025-01-17,89603.93481539881,89603.93481539881,87647.18426089478,88625.55953814679,4961609,035720.KS,카카오
2025-01-20,88942.77321793087,90714.85967256494,86413.86624375942,88564.36295816218,4260607,035720.KS,카카오
2025-01-21,84258.69119124342,84258.69119124342,81476.16800202652,82867.42959663497,5106752,035720.KS,카카오
2025-01-22,82757.8721270343,82757.8721270343,79664.31966591501,81211.09589647465,3887545,035720.KS,카카오
2025-01-23,80911.00334187895,82500.99281243302,79181.95662188534,80841.47471715919,1244608,035720.KS,카카오
2025-01-24,80042.84040870775,80042.84040870775,77686.04519803547,78864.44280337161,1768153,035720.KS,카카오
2025-01-27,79243.23746907951,83714.08089688684,79243.23746907951,81478.65918298317,4706719,035720.KS,카카오
2025-01-28,81024.01385863312,81024.01385863312,77353.74308978277,79188.87847420794,3198667,035720.KS,카카오
2025-01-29,78449.87724292246,80189.12683101677,76873.9538206616,78531.54032583919,5000904,035720.KS,카카오
2025-01-30,79123.13864913477,81099.72185914245,76452.5806895564,78776.15127434942,3648682,035720.KS,카카오
2025-01-31,79951.83244170029,82220.76476415894,79951.83244170029,81086.29860292962,1238872,035720.KS,카카오
2025-02-03,79992.34877748345,79992.34877748345,77604.1848412515,78798.26680936747,3109337,035720.KS,카카오
2025-02-04,79533.35935924553,82878.36367452535,78463.17971843063,80670.77169647798,2817896,035720.KS,카카오
2025-02-05,81375.15543578283,82093.42358703044,79361.81093479271,80727.61726091157,2543457,035720.KS,카카오
2025-02-06,79466.80779548959,81539.22353235671,76827.34441792445,79183.28397514058,3942785,035720.KS,카카오
2025-02-07,80768.32514947277,81532.4692763689,78376.91678302693,79954.69302969791,4629496,035720.KS,카카오
2025-02-10,78649.07104646911,82562.87648355166,78063.09454304035,80312.98551329601,3583252,035720.KS,카카오
2025-02-11,79852.9780914636,81631.5611600333,77146.5144776684,79389.03781885085,1874765,035720.KS,카카오
2025-02-12,80482.06886450376,81325.96816574153,77753.1573243833,79539.56274506242,1579892,035720.KS,카카오
2025-02-13,80157.59795008652,80886.56492596361,77046.19312634182,78966.37902615272,4842822,035720.KS,카카오
2025-02-14,79222.0722622052,80261.55937724099,78108.7272025367,79185.14328988885,2973263,035720.KS,카카오
2025-02-17,79073.69921557946,81473.00900103129,79073.69921557946,80273.35410830537,4707681,035720.KS,카카오
2025-02-18,81293.23270406727,84426.34444681832,81293.23270406727,82859.78857544278,3936361,035720.KS,카카오
2025-02-19,81922.83284454749,81922.83284454749,79776.99887378559,80849.91585916653,2768542,035720.KS,카카오
2025-02-20,81860.86358814166,86818.04080068068,81860.86358814166,84339.45219441118,2541006,035720.KS,카카오
2025-02-21,83154.15132856106,83154.15132856106,79023.57188657085,81088.86160756595,1644215,035720.KS,카카오
2025-02-24,79827.20110411622,83260.92232412363,78505.56652999857,80883.2444270611,1345341,035720.KS,카카오
2025-02-25,80778.6523955753,82972.11987948349,80778.6523955753,81875.3861375294,3217943,035720.KS,카카오
2025-02-26,81663.12383660358,83755.43719338796,80997.46317470081,82376.45018404438,2047132,035720.KS,카카오
2025-02-27,83210.24999319865,83210.24999319865,79573.19578610899,81391.72288965381,4102601,035720.KS,카카오
2025-02-28,82081.17509011726,82175.48717641836,80011.77318464888,81093.63018053363,3003142,035720.KS,카카오
2025-03-03,82085.00055140562,82494.25998576681,78174.92458652574,80334.59228614628,4492818,035720.KS,카카오
2025-03-04,80090.93066988065,81151.97891618565,77703.68515011558,79427.83203315061,1483635,035720.KS,카카오
2025-03-05,79729.4403110993,82061.36696828966,79573.00703633265,80817.18700231116,1278622,035720.KS,카카오
2025-03-06,80711.38439578193,83114.11404388303,79755.19663941993,81434.65534165148,4862807,035720.KS,카카오
2025-03-07,80591.84341477808,81658.34679547478,79035.32438025087,80346.83558786282,3056564,035720.KS,카카오
2025-03-10,80946.24267021586,82718.97547254953,80946.24267021586,81832.6090713827,4700731,035720.KS,카카오
2025-03-11,82202.93018031845,83949.42974674857,80803.50586747697,82376.46780711277,3081779,035720.KS,카카오
2025-03-12,82100.41635001755,85413.32413858148,82100.41635001755,83756.87024429951,1206212,035720.KS,카카오
2025-03-13,84094.73710273864,86224.57657997041,83482.35042747548,84853.46350372295,3922083,035720.KS,카카오
2025-03-14,84660.96953161151,84660.96953161151,82317.08702317634,83489.02827739393,2931457,035720.KS,카카오
2025-03-17,82945.75386819505,84855.43833135502,80335.34842349164,82595.39337742333,1730250,035720.KS,카카오
2025-03-18,82569.88161331801,85871.68949249391,81870.61302707372,83871.15125978382,3635512,035720.KS,카카오
2025-03-19,85551.43199919163,87262.34787292997,82611.52407216323,84936.9359725466,3353169,035720.KS,카카오
2025-03-20,85104.74247112285,85844.96098054845,84042.83520658706,84943.89809356775,3727066,035720.KS,카카오
2025-03-21,85325.49023753332,86405.0006527285,83966.38924415523,85185.69494844186,3653411,035720.KS,카카오
2025-03-24,85842.49773906359,88967.6287351272,85842.49773906359,87405.0632370954,4002132,035720.KS,카카오
2025-03-25,87664.3314074875,89006.06499445751,83823.2131569523,86414.63907570491,1243861,035720.KS,카카오
2025-03-26,87283.22940259936,89985.59150144189,84821.19019836652,87403.3908499042,4146597,035720.KS,카카오
2025-03-27,87182.8021340878,88952.25280862673,85235.03934492523,87093.64607677599,3965926,035720.KS,카카오
2025-03-28,85626.30504785784,89149.96551655851,84366.07429621273,86758.01990638561,3815906,035720.KS,카카오
2025-03-31,86387.62626940424,91028.2797231686,86387.62626940424,88707.95299628642,4439225,035720.KS,카카오
2025-04-01,89852.06961124418,92558.41685620775,87875.03687689723,90216.72686655249,1498865,035720.KS,카카오
2025-04-02,89980.90041022636,93645.8917512146,89813.46577413207,91729.67876267333,1082682,035720.KS,카카오
2025-04-03,92617.53233748328,95723.60093109586,92617.53233748328,94170.56663428957,4234555,035720.KS,카카오
2025-04-04,92622.64668842177,95932.270955997,92582.15062593856,94257.21079096779,2942737,035720.KS,카카오
2025-04-07,94179.88341966567,96999.95477165592,94179.88341966567,95589.91909566079,1399148,035720.KS,카카오
2025-04-08,95015.4485706399,97142.08199646049,92947.0111475231,95044.5465719918,3676225,035720.KS,카카오
2025-04-09,93565.38395563331,97851.16349436868,93565.38395563331,95708.273725001,4856171,035720.KS,카카오
2025-04-10,95054.59355594778,97453.60165669418,93560.42338419962,95507.0125204469,2958374,035720.KS,카카오
2025-04-11,94733.54205522499,96746.54179190891,94733.54205522499,95740.04192356695,2705626,035720.KS,카카오
2025-04-14,94833.55055652339,99021.48767519151,94833.55055652339,96927.51911585746,3399231,035720.KS,카카오
2025-04-15,97503.47822367835,97503.47822367835,93276.16349054834,95389.82085711334,4134014,035720.KS,카카오
2025-04-16,96534.92878702938,102323.80064370796,96534.92878702938,99429.36471536868,1190041,035720.KS,카카오
2025-04-17,98834.99426458635,98834.99426458635,96122.057765461,97478.52601502367,4950185,035720.KS,카카오
2025-04-18,96226.42118255842,96226.42118255842,94093.81672235297,95160.1189524557,5129978,035720.KS,카카오
2025-04-21,95752.65609079952,99070.98067236033,95752.65609079952,97411.81838157991,2173101,035720.KS,카카오
2025-04-22,97448.77693908804,100556.96374500492,97448.77693908804,99002.87034204649,2403600,035720.KS,카카오
2025-04-23,97674.60332297806,102901.72636447761,97674.60332297806,100288.16484372783,3779232,035720.KS,카카오
2025-04-24,100686.14705909794,104069.8059219397,99127.4366508362,101598.62128638795,2147331,035720.KS,카카오
2025-04-25,101462.20674454933,103481.31555414053,99767.75543046359,101624.53549230206,3742347,035720.KS,카카오
2025-04-28,101212.54195206524,101212.54195206524,98490.83121920378,99851.68658563451,3248351,035720.KS,카카오
2025-04-29,100011.92478489151,102472.37072106876,97633.6226562468,100052.99668865777,2028747,035720.KS,카카오
2025-04-30,99115.27193999289,101637.20355278488,95858.76048203504,98747.98201740996,2966802,035720.KS,카카오
2025-05-01,98176.2674862834,103354.05253088158,98092.30372197005,100723.17812642582,3807536,035720.KS,카카오
2025-05-02,100787.32710060939,103393.95970090013,97560.63625680411,100477.29797885212,3437882,035720.KS,카카오
2025-05-05,100192.00091944513,101477.19082240504,96260.13332036493,98868.66207138498,1921411,035720.KS,카카오
2025-05-06,99265.31544800191,100466.3985669783,96098.79471094639,98282.59663896234,2722643,035720.KS,카카오
2025-05-07,98012.00182575111,101800.18601794772,96486.64887902034,99143.41744848403,2014925,035720.KS,카카오
2025-05-08,99888.3572799584,100586.95344229194,95563.44172554043,98075.19758391619,2213538,035720.KS,카카오
2025-05-09,99064.39505185817,99064.39505185817,93958.49820345,96511.44662765408,1521170,035720.KS,카카오
2025-05-12,95712.14463545132,99211.03753613586,94849.11137802969,97030.07445708278,2923028,035720.KS,카카오
2025-05-13,97538.8640211675,99674.03141854388,95433.91255544582,97553.97198699485,4453256,035720.KS,카카오
2025-05-14,96837.03768712567,97998.59971028291,95228.72542252761,96613.66256640527,1392427,035720.KS,카카오
2025-05-15,96754.58136693758,96754.58136693758,94749.00799184496,95751.79467939127,3386702,035720.KS,카카오
2025-05-16,97306.22602255615,97652.96566059485,94835.1434111564,96244.05453587564,2647575,035720.KS,카카오
2025-05-19,95551.56191518191,95551.56191518191,91458.01087768062,93504.78639643126,1691863,035720.KS,카카오
2025-05-20,93092.68443190545,93092.68443190545,88746.20916400169,90919.44679795357,2834213,035720.KS,카카오
2025-05-21,91322.91511825046,91322.91511825046,87994.07587839631,89658.49549832338,5313631,035720.KS,카카오
2025-05-22,90443.14855585893,90443.14855585893,88198.00691665069,89320.57773625481,1478681,035720.KS,카카오
2025-05-23,87870.86376728665,92122.5136618013,87718.78012371605,89920.64689275867,1409890,035720.KS,카카오
2025-05-26,91534.04638653094,93703.76746289342,91534.04638653094,92618.90692471218,4909546,035720.KS,카카오
2025-05-27,92949.70207759467,95558.15055133167,92949.70207759467,94253.92631446317,2630378,035720.KS,카카오
2025-05-28,93583.49943280558,95070.06836384979,92929.04481467037,93999.55658926007,3117268,035720.KS,카카오
2025-05-29,93415.05014399318,95078.04035805979,92943.57177261512,94010.80606533746,3220507,035720.KS,카카오
2025-05-30,94670.17253711796,94716.95576221612,89628.72342757328,92172.8395948947,3888683,035720.KS,카카오
2025-06-02,91092.01787586341,94089.25794319113,90280.33775362419,92184.79784840766,3810314,035720.KS,카카오
